{
  "backprop" : true,
  "backpropType" : "Standard",
  "cacheMode" : "NONE",
  "confs" : [ {
    "cacheMode" : "NONE",
    "epochCount" : 0,
    "iterationCount" : 0,
    "l1ByParam" : {
      "b" : 0.0,
      "W" : 0.0
    },
    "l2ByParam" : {
      "b" : 0.0,
      "W" : 5.0E-4
    },
    "layer" : {
      "convolution" : {
        "activationFn" : {
          "Identity" : { }
        },
        "biasInit" : 0.0,
        "biasUpdater" : null,
        "constraints" : null,
        "convolutionMode" : "Truncate",
        "cudnnAlgoMode" : "PREFER_FASTEST",
        "cudnnAllowFallback" : true,
        "cudnnBwdDataAlgo" : null,
        "cudnnBwdFilterAlgo" : null,
        "cudnnFwdAlgo" : null,
        "dilation" : [ 1, 1 ],
        "dist" : null,
        "gradientNormalization" : "None",
        "gradientNormalizationThreshold" : 1.0,
        "hasBias" : true,
        "idropout" : null,
        "iupdater" : {
          "@class" : "org.nd4j.linalg.learning.config.Nesterovs",
          "learningRate" : 0.01,
          "momentum" : 0.9
        },
        "kernelSize" : [ 5, 5 ],
        "l1" : 0.0,
        "l1Bias" : 0.0,
        "l2" : 5.0E-4,
        "l2Bias" : 0.0,
        "layerName" : "layer0",
        "nin" : 1,
        "nout" : 20,
        "padding" : [ 0, 0 ],
        "stride" : [ 1, 1 ],
        "weightInit" : "XAVIER",
        "weightNoise" : null
      }
    },
    "maxNumLineSearchIterations" : 5,
    "miniBatch" : true,
    "minimize" : true,
    "optimizationAlgo" : "STOCHASTIC_GRADIENT_DESCENT",
    "pretrain" : false,
    "seed" : 123,
    "stepFunction" : null,
    "variables" : [ "W", "b" ]
  }, {
    "cacheMode" : "NONE",
    "epochCount" : 0,
    "iterationCount" : 0,
    "l1ByParam" : { },
    "l2ByParam" : { },
    "layer" : {
      "subsampling" : {
        "constraints" : null,
        "convolutionMode" : "Truncate",
        "cudnnAllowFallback" : true,
        "dilation" : [ 1, 1 ],
        "eps" : 1.0E-8,
        "idropout" : null,
        "kernelSize" : [ 2, 2 ],
        "layerName" : "layer1",
        "padding" : [ 0, 0 ],
        "pnorm" : 0,
        "poolingType" : "MAX",
        "stride" : [ 2, 2 ]
      }
    },
    "maxNumLineSearchIterations" : 5,
    "miniBatch" : true,
    "minimize" : true,
    "optimizationAlgo" : "STOCHASTIC_GRADIENT_DESCENT",
    "pretrain" : false,
    "seed" : 123,
    "stepFunction" : null,
    "variables" : [ ]
  }, {
    "cacheMode" : "NONE",
    "epochCount" : 0,
    "iterationCount" : 0,
    "l1ByParam" : {
      "b" : 0.0,
      "W" : 0.0
    },
    "l2ByParam" : {
      "b" : 0.0,
      "W" : 5.0E-4
    },
    "layer" : {
      "convolution" : {
        "activationFn" : {
          "Identity" : { }
        },
        "biasInit" : 0.0,
        "biasUpdater" : null,
        "constraints" : null,
        "convolutionMode" : "Truncate",
        "cudnnAlgoMode" : "PREFER_FASTEST",
        "cudnnAllowFallback" : true,
        "cudnnBwdDataAlgo" : null,
        "cudnnBwdFilterAlgo" : null,
        "cudnnFwdAlgo" : null,
        "dilation" : [ 1, 1 ],
        "dist" : null,
        "gradientNormalization" : "None",
        "gradientNormalizationThreshold" : 1.0,
        "hasBias" : true,
        "idropout" : null,
        "iupdater" : {
          "@class" : "org.nd4j.linalg.learning.config.Nesterovs",
          "learningRate" : 0.01,
          "momentum" : 0.9
        },
        "kernelSize" : [ 5, 5 ],
        "l1" : 0.0,
        "l1Bias" : 0.0,
        "l2" : 5.0E-4,
        "l2Bias" : 0.0,
        "layerName" : "layer2",
        "nin" : 20,
        "nout" : 50,
        "padding" : [ 0, 0 ],
        "stride" : [ 1, 1 ],
        "weightInit" : "XAVIER",
        "weightNoise" : null
      }
    },
    "maxNumLineSearchIterations" : 5,
    "miniBatch" : true,
    "minimize" : true,
    "optimizationAlgo" : "STOCHASTIC_GRADIENT_DESCENT",
    "pretrain" : false,
    "seed" : 123,
    "stepFunction" : null,
    "variables" : [ "W", "b" ]
  }, {
    "cacheMode" : "NONE",
    "epochCount" : 0,
    "iterationCount" : 0,
    "l1ByParam" : { },
    "l2ByParam" : { },
    "layer" : {
      "subsampling" : {
        "constraints" : null,
        "convolutionMode" : "Truncate",
        "cudnnAllowFallback" : true,
        "dilation" : [ 1, 1 ],
        "eps" : 1.0E-8,
        "idropout" : null,
        "kernelSize" : [ 2, 2 ],
        "layerName" : "layer3",
        "padding" : [ 0, 0 ],
        "pnorm" : 0,
        "poolingType" : "MAX",
        "stride" : [ 2, 2 ]
      }
    },
    "maxNumLineSearchIterations" : 5,
    "miniBatch" : true,
    "minimize" : true,
    "optimizationAlgo" : "STOCHASTIC_GRADIENT_DESCENT",
    "pretrain" : false,
    "seed" : 123,
    "stepFunction" : null,
    "variables" : [ ]
  }, {
    "cacheMode" : "NONE",
    "epochCount" : 0,
    "iterationCount" : 0,
    "l1ByParam" : {
      "b" : 0.0,
      "W" : 0.0
    },
    "l2ByParam" : {
      "b" : 0.0,
      "W" : 5.0E-4
    },
    "layer" : {
      "dense" : {
        "activationFn" : {
          "ReLU" : { }
        },
        "biasInit" : 0.0,
        "biasUpdater" : null,
        "constraints" : null,
        "dist" : null,
        "gradientNormalization" : "None",
        "gradientNormalizationThreshold" : 1.0,
        "hasBias" : true,
        "idropout" : null,
        "iupdater" : {
          "@class" : "org.nd4j.linalg.learning.config.Nesterovs",
          "learningRate" : 0.01,
          "momentum" : 0.9
        },
        "l1" : 0.0,
        "l1Bias" : 0.0,
        "l2" : 5.0E-4,
        "l2Bias" : 0.0,
        "layerName" : "layer4",
        "nin" : 800,
        "nout" : 500,
        "weightInit" : "XAVIER",
        "weightNoise" : null
      }
    },
    "maxNumLineSearchIterations" : 5,
    "miniBatch" : true,
    "minimize" : true,
    "optimizationAlgo" : "STOCHASTIC_GRADIENT_DESCENT",
    "pretrain" : false,
    "seed" : 123,
    "stepFunction" : null,
    "variables" : [ "W", "b" ]
  }, {
    "cacheMode" : "NONE",
    "epochCount" : 0,
    "iterationCount" : 0,
    "l1ByParam" : {
      "b" : 0.0,
      "W" : 0.0
    },
    "l2ByParam" : {
      "b" : 0.0,
      "W" : 5.0E-4
    },
    "layer" : {
      "output" : {
        "activationFn" : {
          "Softmax" : { }
        },
        "biasInit" : 0.0,
        "biasUpdater" : null,
        "constraints" : null,
        "dist" : null,
        "gradientNormalization" : "None",
        "gradientNormalizationThreshold" : 1.0,
        "hasBias" : true,
        "idropout" : null,
        "iupdater" : {
          "@class" : "org.nd4j.linalg.learning.config.Nesterovs",
          "learningRate" : 0.01,
          "momentum" : 0.9
        },
        "l1" : 0.0,
        "l1Bias" : 0.0,
        "l2" : 5.0E-4,
        "l2Bias" : 0.0,
        "layerName" : "layer5",
        "lossFn" : {
          "NegativeLogLikelihood" : {
            "configProperties" : false,
            "softmaxClipEps" : 1.0E-10
          }
        },
        "nin" : 500,
        "nout" : 10,
        "weightInit" : "XAVIER",
        "weightNoise" : null
      }
    },
    "maxNumLineSearchIterations" : 5,
    "miniBatch" : true,
    "minimize" : true,
    "optimizationAlgo" : "STOCHASTIC_GRADIENT_DESCENT",
    "pretrain" : false,
    "seed" : 123,
    "stepFunction" : null,
    "variables" : [ "W", "b" ]
  } ],
  "epochCount" : 3,
  "inferenceWorkspaceMode" : "SEPARATE",
  "inputPreProcessors" : {
    "4" : {
      "cnnToFeedForward" : {
        "inputHeight" : 4,
        "inputWidth" : 4,
        "numChannels" : 50
      }
    }
  },
  "iterationCount" : 2814,
  "pretrain" : false,
  "tbpttBackLength" : 20,
  "tbpttFwdLength" : 20,
  "trainingWorkspaceMode" : "SEPARATE"
}